{"val_loss":0.07009467938935546,"val_rpe_rot_deg":1.1121621300193676,"_runtime":217.958109863,"train_t_loss":0.12109769060244334,"val_t_rel_%":3044.992852488828,"_timestamp":1.7429141153411257e+09,"val_r_rel_deg_per_100m":135.99201726539914,"train_loss":0.15744590483493462,"_wandb":{"runtime":233},"train_r_loss":0.0001540084404198218,"val_t_loss":0.05728744105446233,"val_ate_m":4202.12646484375,"val_r_loss":0.00012552032418884594,"val_rpe_trans_m":0.41537100076675415,"_step":0}