{"_step":4,"val_r_rel_deg":0,"_runtime":254.148505646,"_wandb":{"runtime":254},"val_t_rel_%":248.44654768919654,"_timestamp":1.742892264287882e+09,"val_ATE":0.04442411907783718,"train_loss":0.0007496740081860304,"val_RPE":0,"val_loss":0.014516827587749906}