{"val_ATE":0.23302125930786133,"val_loss":0.015015873345351538,"train_loss":0.001138642464239042,"_runtime":240.488620256,"_wandb":{"runtime":244},"_timestamp":1.742893518394666e+09,"val_RPE":0.013961977325379848,"val_t_rel_%":28.03085744380951,"_step":1,"val_r_rel_deg":0.7999623744016187}