{"_step":2,"_wandb":{"runtime":332},"val_r_loss":5.844454799010973e-05,"val_r_rel_deg_per_100m":36.09245626804281,"val_t_rel_%":13468.150965823235,"val_loss":0.03502552189849435,"_runtime":327.002469507,"train_t_loss":0.020347701233574832,"val_t_loss":0.029181067009515588,"_timestamp":1.7429106933098454e+09,"train_loss":0.028828900530211757,"train_r_loss":8.48119934146482e-05}