{"_wandb":{"runtime":248},"val_loss":0.020370362299570413,"val_ATE":0.09649111496446393,"val_r_rel_deg":8.017160644755444,"_runtime":230.981632264,"_timestamp":1.7428932193236663e+09,"train_loss":0.003203712780397293,"val_t_rel_%":266.1298041769152,"val_RPE":0.13992584991229404,"_step":0}