{"val_t_loss":0.03358788993097315,"val_r_loss":8.922181057857643e-05,"_runtime":612.816402318,"train_t_loss":0.0020290793321190246,"val_t_rel_%":24612.897755667625,"_wandb":{"runtime":613},"_step":4,"train_loss":0.0021379814738636546,"val_loss":0.02125503551220096,"train_r_loss":2.2468836204262547e-05,"_timestamp":1.7428960621301022e+09,"val_r_rel_deg_per_100m":4.377668552366762}