{"val_loss":0.029751406261874808,"_wandb":{"runtime":2589},"_step":23,"train_r_loss":3.852034699061223e-06,"val_r_loss":4.365896676525096e-05,"val_t_rel_%":14801.87128250227,"val_t_loss":0.02538550969782389,"_runtime":2548.763296952,"_timestamp":1.7429021845209937e+09,"train_loss":0.0006787504431360566,"val_r_rel_deg_per_100m":39.533038478044986,"train_t_loss":0.000293546973258846}