{"_timestamp":1.7428994917484188e+09,"val_loss":0.027524898626974652,"val_r_loss":3.2446749559861175e-05,"_step":0,"train_r_loss":7.787268497814882e-05,"val_r_rel_deg_per_100m":71.81351716293787,"val_t_rel_%":14893.79764266347,"train_t_loss":0.010734385643508145,"train_loss":0.01852165420257671,"_runtime":105.989156107,"_wandb":{"runtime":123},"val_t_loss":0.02428022372750713}