{"train_loss":0.006293255800897143,"train_r_loss":2.485113255629742e-05,"train_t_loss":0.0019040712746447815,"_timestamp":1.7429043340886073e+09,"val_t_loss":0.023987523019535557,"_step":2,"val_t_rel_%":21878.50287785099,"val_r_rel_deg_per_100m":62.98065591088349,"val_r_loss":6.789902227677567e-05,"_wandb":{"runtime":328},"_runtime":322.532566638,"val_loss":0.054764948208772}