{"_runtime":49.562020145,"val_r_rel_deg":0,"_timestamp":1.7428919572867508e+09,"train_loss":0.004225106775160153,"_wandb":{"runtime":63},"val_RPE":0,"val_ATE":0.05135818704060254,"_step":0,"val_t_rel_%":290.8548892228411,"val_loss":0.019070468289495355}