{"val_loss":0.0414504971070629,"val_t_loss":0.03381101908188106,"val_r_loss":7.639477920141265e-05,"train_loss":0.004844060478278372,"_runtime":491.244422697,"val_t_rel_%":1.642913429043329e-10,"train_t_loss":0.002129820782258697,"train_r_loss":2.7142396884849813e-05,"_timestamp":1.7428980375082686e+09,"_step":1,"val_r_rel_deg_per_100m":0.44636379726644204,"scale_factor":1.0000000000000002,"_wandb":{"runtime":498}}