{"val_loss":0.057857678893400134,"val_r_loss":0.00010355285626640008,"_step":10,"train_loss":0.042160318086550026,"_wandb":{"runtime":1367},"val_t_loss":0.07565991719048924,"train_r_loss":0.00010066789401278208,"train_t_loss":0.04659152693307862,"_timestamp":1.742915952128583e+09,"_runtime":1361.367455899}