{"_timestamp":1.7428974752158184e+09,"val_r_rel_deg_per_100m":0.1904441381155359,"train_loss":0.01958516408846882,"val_loss":0.04170897248213462,"val_t_rel_%":2.3589177671989667e-10,"val_r_loss":8.727156748898904e-05,"val_t_loss":0.03298181558026315,"scale_factor":0.9999999999999998,"_step":0,"_wandb":{"runtime":176},"train_r_loss":8.245406432600812e-05,"_runtime":121.148690578,"train_t_loss":0.011339757635957131}