{"val_t_rel_%":275.5530611298715,"_runtime":250.830106199,"val_r_rel_deg":0,"val_RPE":0,"val_ATE":0.04698105133550687,"_wandb":{"runtime":251},"val_loss":0.015134295750935037,"_timestamp":1.7428928505001733e+09,"_step":4,"train_loss":0.0006306111185935018}