{"_timestamp":1.7428969845791214e+09,"_step":3,"train_r_loss":1.8015638575312897e-05,"val_r_rel_deg_per_100m":162.12916897967924,"_runtime":496.150425915,"val_t_loss":0.03073143568889526,"train_loss":0.0056870421554024156,"val_loss":0.04490462827760553,"scale_factor":-3.1035381527545765,"_wandb":{"runtime":501},"train_t_loss":0.0020839144398733284,"val_t_rel_%":9162.004952775396,"val_r_loss":7.086596343457765e-05}