{"_runtime":120.034320039,"train_t_loss":0.011294418041180851,"train_r_loss":8.043023204165899e-05,"train_loss":0.019337441188515093,"_timestamp":1.7428962167019832e+09,"val_loss":0.03670382375071061,"val_t_loss":0.027133640301005478,"_step":0,"val_t_rel_%":15569.436526580033,"val_r_loss":9.570183315624234e-05,"_wandb":{"runtime":125},"val_r_rel_deg_per_100m":4.4915764844724}