{"train_r_loss":4.336073185178411e-05,"val_r_loss":9.139975774226104e-05,"_timestamp":1.7428941389918778e+09,"_wandb":{"runtime":603},"val_loss":0.016046272573058577,"train_t_loss":0.0012033969292603835,"val_RPE":0.011874550953507423,"_step":4,"train_loss":0.0006233788307138733,"val_t_rel_%":29.533952474594116,"_runtime":603.08628444,"val_r_rel_deg":0.6803616532490228,"val_t_loss":0.032001145295228316,"val_ATE":0.24551652371883392}