{"train_loss":0.002413371767598337,"val_RPE":0.010373381897807121,"val_r_loss":8.958258650685107e-05,"_timestamp":1.7428950201842122e+09,"val_r_rel_deg":0.5943510020217563,"_runtime":598.37190766,"train_r_loss":2.421798361569535e-05,"val_t_rel_%":29.645010828971863,"_wandb":{"runtime":598},"_step":4,"train_t_loss":0.0024049451875694573,"val_loss":0.020943440315070998,"val_t_loss":0.03292862199159895,"val_ATE":0.24643975496292114}